{"fpr": [0.0, 0.02296034241788959, 0.3559420859538784, 0.9721042976939204, 0.9961084905660378, 0.9999956324248777, 1.0], "tpr": [0.0, 0.025, 0.3675, 0.9679166666666666, 0.9975, 1.0, 1.0]}